dimension,bin_index,lower,upper,eligible_count,final_count,covered
n_samples_log10,0,2.3010299956639813,2.3989781683048896,29,8,True
n_samples_log10,1,2.3989781683048896,2.6989700043360187,22,4,True
n_samples_log10,2,2.6989700043360187,2.8208579894397,32,5,True
n_samples_log10,3,2.8208579894397,3.0,18,5,True
n_samples_log10,4,3.0,3.1104283656005,41,7,True
n_samples_log10,5,3.1104283656005,3.3010299956639813,10,2,True
n_samples_log10,6,3.3010299956639813,3.684755622108624,132,14,True
n_features_log10,0,0.3010299956639812,0.6989700043360189,18,6,True
n_features_log10,1,0.6989700043360189,0.8450980400142568,37,10,True
n_features_log10,2,0.8450980400142568,1.0,29,0,False
n_features_log10,3,1.0,1.1300356939925373,58,3,True
n_features_log10,4,1.1300356939925373,1.3010299956639813,9,3,True
n_features_log10,5,1.3010299956639813,1.3979400086720377,35,2,True
n_features_log10,6,1.3979400086720377,1.5997523069037938,41,7,True
n_features_log10,7,1.5997523069037938,1.6989700043360187,16,4,True
n_features_log10,8,1.6989700043360187,2.0,41,10,True
ir_log10,0,0.0,0.006948859955327825,113,12,True
ir_log10,1,0.006948859955327825,0.044928499176509984,29,2,True
ir_log10,2,0.044928499176509984,0.09753545977556143,28,6,True
ir_log10,3,0.09753545977556143,0.1591478288931312,29,3,True
ir_log10,4,0.1591478288931312,0.36797678529459443,21,4,True
ir_log10,5,0.36797678529459443,0.8567899673389744,33,9,True
ir_log10,6,0.8567899673389744,1.3395241529423898,31,9,True
minority_fraction,0,0.04375667022411953,0.12208504801097393,25,9,True
minority_fraction,1,0.12208504801097393,0.3,31,9,True
minority_fraction,2,0.3,0.40940000000000004,29,4,True
minority_fraction,3,0.40940000000000004,0.44408888888888887,29,3,True
minority_fraction,4,0.44408888888888887,0.4741601208459214,28,6,True
minority_fraction,5,0.4741601208459214,0.496,27,1,True
minority_fraction,6,0.496,0.5,115,13,True
fs_ratio_log10,0,-2.985785617772605,-2.4559319556497243,22,7,True
fs_ratio_log10,1,-2.4559319556497243,-2.3010299956639813,23,2,True
fs_ratio_log10,2,-2.3010299956639813,-2.2596373105057563,38,2,True
fs_ratio_log10,3,-2.2596373105057563,-2.0,18,5,True
fs_ratio_log10,4,-2.0,-1.8860566476931633,39,2,True
fs_ratio_log10,5,-1.8860566476931633,-1.6989700043360187,17,2,True
fs_ratio_log10,6,-1.6989700043360187,-1.5686362358410126,41,5,True
fs_ratio_log10,7,-1.5686362358410126,-1.3979400086720375,26,4,True
fs_ratio_log10,8,-1.3979400086720375,-1.0835026198302673,30,5,True
fs_ratio_log10,9,-1.0835026198302673,-0.3979400086720376,30,11,True
