stage,dataset_id,name,group_key,group_size,k_allowed,rank_in_group,selected,selection_basis,decisive_tier,t1_duplicate_rate,t2_missingness,t3_const_frac,t4_feasibility_margin,t5_minority_count,t6_fs_ratio,t7_n_samples,diversity_min_dist,data_sha256
exact_content_duplicate,1464,blood-transfusion-service-center,122b54f28a6e71a0,6,1,1,True,tier_cascade_rank1,,0.29,0.0,0.0,107,178,0.0053,748,,122b54f28a6e71a03d5373a82ae2d18f2500009fdf84422af967d7af8a261a2c
exact_content_duplicate,44593,blood-transfusion-service-center_seed_0_nrows_2000_nclasses_10_ncols_100_stratify_True,122b54f28a6e71a0,6,1,2,False,exact_content_duplicate,9.0,0.29,0.0,0.0,107,178,0.0053,748,,122b54f28a6e71a03d5373a82ae2d18f2500009fdf84422af967d7af8a261a2c
exact_content_duplicate,44594,blood-transfusion-service-center_seed_1_nrows_2000_nclasses_10_ncols_100_stratify_True,122b54f28a6e71a0,6,1,3,False,exact_content_duplicate,9.0,0.29,0.0,0.0,107,178,0.0053,748,,122b54f28a6e71a03d5373a82ae2d18f2500009fdf84422af967d7af8a261a2c
exact_content_duplicate,44595,blood-transfusion-service-center_seed_2_nrows_2000_nclasses_10_ncols_100_stratify_True,122b54f28a6e71a0,6,1,4,False,exact_content_duplicate,9.0,0.29,0.0,0.0,107,178,0.0053,748,,122b54f28a6e71a03d5373a82ae2d18f2500009fdf84422af967d7af8a261a2c
exact_content_duplicate,44596,blood-transfusion-service-center_seed_3_nrows_2000_nclasses_10_ncols_100_stratify_True,122b54f28a6e71a0,6,1,5,False,exact_content_duplicate,9.0,0.29,0.0,0.0,107,178,0.0053,748,,122b54f28a6e71a03d5373a82ae2d18f2500009fdf84422af967d7af8a261a2c
exact_content_duplicate,44597,blood-transfusion-service-center_seed_4_nrows_2000_nclasses_10_ncols_100_stratify_True,122b54f28a6e71a0,6,1,6,False,exact_content_duplicate,9.0,0.29,0.0,0.0,107,178,0.0053,748,,122b54f28a6e71a03d5373a82ae2d18f2500009fdf84422af967d7af8a261a2c
exact_content_duplicate,46502,Credit_Approval_Classification,29a6081c8227dc91,2,1,1,True,tier_cascade_rank1,,0.0,0.0,0.0,186,300,0.05,1000,,29a6081c8227dc915ed50da2a81170de45d41913c1e4d99d3472b86e4f2c0651
exact_content_duplicate,46503,Credit_Approval_Classification,29a6081c8227dc91,2,1,2,False,exact_content_duplicate,9.0,0.0,0.0,0.0,186,300,0.05,1000,,29a6081c8227dc915ed50da2a81170de45d41913c1e4d99d3472b86e4f2c0651
exact_content_duplicate,46532,dataset_credit-g,2c33dbaf4a7f5fba,3,1,1,True,tier_cascade_rank1,,0.0,0.0,0.0,186,300,0.02,1000,,2c33dbaf4a7f5fbaf65ee9b6f442c990fbe48dd40c38d5a6c75270ab3fda3890
exact_content_duplicate,46540,dataset_credit-g,2c33dbaf4a7f5fba,3,1,2,False,exact_content_duplicate,9.0,0.0,0.0,0.0,186,300,0.02,1000,,2c33dbaf4a7f5fbaf65ee9b6f442c990fbe48dd40c38d5a6c75270ab3fda3890
exact_content_duplicate,46542,dataset_credit-g,2c33dbaf4a7f5fba,3,1,3,False,exact_content_duplicate,9.0,0.0,0.0,0.0,186,300,0.02,1000,,2c33dbaf4a7f5fbaf65ee9b6f442c990fbe48dd40c38d5a6c75270ab3fda3890
exact_content_duplicate,43980,wine,2df39d3e00fcdfb5,2,1,1,True,tier_cascade_rank1,,0.13,0.0,0.0,810,1277,0.0043,2554,,2df39d3e00fcdfb570af35c31d6296912e43e12f7421d31ddf131d97140f011c
exact_content_duplicate,44091,wine,2df39d3e00fcdfb5,2,1,2,False,exact_content_duplicate,9.0,0.13,0.0,0.0,810,1277,0.0043,2554,,2df39d3e00fcdfb570af35c31d6296912e43e12f7421d31ddf131d97140f011c
exact_content_duplicate,1494,qsar-biodeg,59a7a0007dde0ac5,6,1,1,True,tier_cascade_rank1,,0.0,0.0,0.0,221,356,0.0389,1055,,59a7a0007dde0ac53924a1b04af6d6479f426a4aa009e18338d31a6b16700033
exact_content_duplicate,44598,qsar-biodeg_seed_0_nrows_2000_nclasses_10_ncols_100_stratify_True,59a7a0007dde0ac5,6,1,2,False,exact_content_duplicate,9.0,0.0,0.0,0.0,221,356,0.0389,1055,,59a7a0007dde0ac53924a1b04af6d6479f426a4aa009e18338d31a6b16700033
exact_content_duplicate,44599,qsar-biodeg_seed_1_nrows_2000_nclasses_10_ncols_100_stratify_True,59a7a0007dde0ac5,6,1,3,False,exact_content_duplicate,9.0,0.0,0.0,0.0,221,356,0.0389,1055,,59a7a0007dde0ac53924a1b04af6d6479f426a4aa009e18338d31a6b16700033
exact_content_duplicate,44600,qsar-biodeg_seed_2_nrows_2000_nclasses_10_ncols_100_stratify_True,59a7a0007dde0ac5,6,1,4,False,exact_content_duplicate,9.0,0.0,0.0,0.0,221,356,0.0389,1055,,59a7a0007dde0ac53924a1b04af6d6479f426a4aa009e18338d31a6b16700033
exact_content_duplicate,44601,qsar-biodeg_seed_3_nrows_2000_nclasses_10_ncols_100_stratify_True,59a7a0007dde0ac5,6,1,5,False,exact_content_duplicate,9.0,0.0,0.0,0.0,221,356,0.0389,1055,,59a7a0007dde0ac53924a1b04af6d6479f426a4aa009e18338d31a6b16700033
exact_content_duplicate,44602,qsar-biodeg_seed_4_nrows_2000_nclasses_10_ncols_100_stratify_True,59a7a0007dde0ac5,6,1,6,False,exact_content_duplicate,9.0,0.0,0.0,0.0,221,356,0.0389,1055,,59a7a0007dde0ac53924a1b04af6d6479f426a4aa009e18338d31a6b16700033
exact_content_duplicate,44352,credit_seed_4_nrows_2000_nclasses_10_ncols_100_stratify_True,6c40218cd798f757,2,1,1,True,tier_cascade_rank1,,0.0,0.0,0.0,634,1000,0.005,2000,,6c40218cd798f757760f6a51191e8640b2fb7d39876409c669d585731408d01b
exact_content_duplicate,44361,credit_seed_4_nrows_2000_nclasses_10_ncols_100_stratify_True,6c40218cd798f757,2,1,2,False,exact_content_duplicate,9.0,0.0,0.0,0.0,634,1000,0.005,2000,,6c40218cd798f757760f6a51191e8640b2fb7d39876409c669d585731408d01b
exact_content_duplicate,53,heart-statlog,90d4b4788d0d840c,2,1,1,True,tier_cascade_rank1,,0.0,0.0,0.0,70,120,0.0481,270,,90d4b4788d0d840ca5aaf15588d2f21e0b48fb226f447fb128dcfc153f705968
exact_content_duplicate,46590,heart-statlog-uci,90d4b4788d0d840c,2,1,2,False,exact_content_duplicate,9.0,0.0,0.0,0.0,70,120,0.0481,270,,90d4b4788d0d840ca5aaf15588d2f21e0b48fb226f447fb128dcfc153f705968
exact_content_duplicate,44351,credit_seed_3_nrows_2000_nclasses_10_ncols_100_stratify_True,955a5008b699e1ee,3,1,1,True,tier_cascade_rank1,,0.0,0.0,0.0,634,1000,0.005,2000,,955a5008b699e1ee74423bc834501c50e00c004cf3937553d3da8f35121406c4
exact_content_duplicate,44356,credit_seed_3_nrows_2000_nclasses_10_ncols_100_stratify_True,955a5008b699e1ee,3,1,2,False,exact_content_duplicate,9.0,0.0,0.0,0.0,634,1000,0.005,2000,,955a5008b699e1ee74423bc834501c50e00c004cf3937553d3da8f35121406c4
exact_content_duplicate,44360,credit_seed_3_nrows_2000_nclasses_10_ncols_100_stratify_True,955a5008b699e1ee,3,1,3,False,exact_content_duplicate,9.0,0.0,0.0,0.0,634,1000,0.005,2000,,955a5008b699e1ee74423bc834501c50e00c004cf3937553d3da8f35121406c4
exact_content_duplicate,46416,Creditability-German-Credit-Data,990b05a243c26e0f,2,1,1,True,tier_cascade_rank1,,0.0,0.0,0.0,186,300,0.02,1000,,990b05a243c26e0f97a91bf02a1b7d181be21bbb1d7aa62d56c976abba4be1e9
exact_content_duplicate,46482,German-Credit-Data-Creditability-2,990b05a243c26e0f,2,1,2,False,exact_content_duplicate,9.0,0.0,0.0,0.0,186,300,0.02,1000,,990b05a243c26e0f97a91bf02a1b7d181be21bbb1d7aa62d56c976abba4be1e9
exact_content_duplicate,44421,Higgs_seed_4_nrows_2000_nclasses_10_ncols_100_stratify_True,9a30d6e6682aa4e3,2,1,1,True,tier_cascade_rank1,,0.0,0.0,0.0,634,1000,0.012,2000,,9a30d6e6682aa4e3bb3fa9f412cdbc4355aacf02d3268a999e8b7ec4c52f7353
exact_content_duplicate,44422,Higgs_seed_4_nrows_2000_nclasses_10_ncols_100_stratify_True,9a30d6e6682aa4e3,2,1,2,False,exact_content_duplicate,9.0,0.0,0.0,0.0,634,1000,0.012,2000,,9a30d6e6682aa4e3bb3fa9f412cdbc4355aacf02d3268a999e8b7ec4c52f7353
exact_content_duplicate,44349,credit_seed_1_nrows_2000_nclasses_10_ncols_100_stratify_True,b025d600eaf9546b,3,1,1,True,tier_cascade_rank1,,0.0,0.0,0.0,634,1000,0.005,2000,,b025d600eaf9546befb03c0df2cc21e6ce8a8e156fa121a3652802c8c155521b
exact_content_duplicate,44354,credit_seed_1_nrows_2000_nclasses_10_ncols_100_stratify_True,b025d600eaf9546b,3,1,2,False,exact_content_duplicate,9.0,0.0,0.0,0.0,634,1000,0.005,2000,,b025d600eaf9546befb03c0df2cc21e6ce8a8e156fa121a3652802c8c155521b
exact_content_duplicate,44358,credit_seed_1_nrows_2000_nclasses_10_ncols_100_stratify_True,b025d600eaf9546b,3,1,3,False,exact_content_duplicate,9.0,0.0,0.0,0.0,634,1000,0.005,2000,,b025d600eaf9546befb03c0df2cc21e6ce8a8e156fa121a3652802c8c155521b
exact_content_duplicate,44350,credit_seed_2_nrows_2000_nclasses_10_ncols_100_stratify_True,b67903ce949edc6e,3,1,1,True,tier_cascade_rank1,,0.0,0.0,0.0,634,1000,0.005,2000,,b67903ce949edc6ebf1d311eff54965e8299c91ff5843aa535581daef28d9f46
exact_content_duplicate,44355,credit_seed_2_nrows_2000_nclasses_10_ncols_100_stratify_True,b67903ce949edc6e,3,1,2,False,exact_content_duplicate,9.0,0.0,0.0,0.0,634,1000,0.005,2000,,b67903ce949edc6ebf1d311eff54965e8299c91ff5843aa535581daef28d9f46
exact_content_duplicate,44359,credit_seed_2_nrows_2000_nclasses_10_ncols_100_stratify_True,b67903ce949edc6e,3,1,3,False,exact_content_duplicate,9.0,0.0,0.0,0.0,634,1000,0.005,2000,,b67903ce949edc6ebf1d311eff54965e8299c91ff5843aa535581daef28d9f46
exact_content_duplicate,44345,credit,cc2ef139b40d696b,6,1,1,True,tier_cascade_rank1,,0.0,0.0,0.0,634,1000,0.005,2000,,cc2ef139b40d696b6458ff107f8f7a2a63a08592167ee576e868b8cb25cad101
exact_content_duplicate,44346,credit,cc2ef139b40d696b,6,1,2,False,exact_content_duplicate,9.0,0.0,0.0,0.0,634,1000,0.005,2000,,cc2ef139b40d696b6458ff107f8f7a2a63a08592167ee576e868b8cb25cad101
exact_content_duplicate,44347,credit_seed_0_nrows_2000_nclasses_10_ncols_100_stratify_True,cc2ef139b40d696b,6,1,3,False,exact_content_duplicate,9.0,0.0,0.0,0.0,634,1000,0.005,2000,,cc2ef139b40d696b6458ff107f8f7a2a63a08592167ee576e868b8cb25cad101
exact_content_duplicate,44348,credit_seed_0_nrows_2000_nclasses_10_ncols_100_stratify_True,cc2ef139b40d696b,6,1,4,False,exact_content_duplicate,9.0,0.0,0.0,0.0,634,1000,0.005,2000,,cc2ef139b40d696b6458ff107f8f7a2a63a08592167ee576e868b8cb25cad101
exact_content_duplicate,44353,credit_seed_0_nrows_2000_nclasses_10_ncols_100_stratify_True,cc2ef139b40d696b,6,1,5,False,exact_content_duplicate,9.0,0.0,0.0,0.0,634,1000,0.005,2000,,cc2ef139b40d696b6458ff107f8f7a2a63a08592167ee576e868b8cb25cad101
exact_content_duplicate,44357,credit_seed_0_nrows_2000_nclasses_10_ncols_100_stratify_True,cc2ef139b40d696b,6,1,6,False,exact_content_duplicate,9.0,0.0,0.0,0.0,634,1000,0.005,2000,,cc2ef139b40d696b6458ff107f8f7a2a63a08592167ee576e868b8cb25cad101
exact_content_duplicate,1049,pc4,cf376f12d5628588,6,1,1,True,tier_cascade_rank1,,0.08,0.0,0.0,107,178,0.0254,1458,,cf376f12d5628588ba43aa439a3f2121b6185a133cb07f9eb864707a79354a97
exact_content_duplicate,44608,pc4_seed_0_nrows_2000_nclasses_10_ncols_100_stratify_True,cf376f12d5628588,6,1,2,False,exact_content_duplicate,9.0,0.08,0.0,0.0,107,178,0.0254,1458,,cf376f12d5628588ba43aa439a3f2121b6185a133cb07f9eb864707a79354a97
exact_content_duplicate,44609,pc4_seed_1_nrows_2000_nclasses_10_ncols_100_stratify_True,cf376f12d5628588,6,1,3,False,exact_content_duplicate,9.0,0.08,0.0,0.0,107,178,0.0254,1458,,cf376f12d5628588ba43aa439a3f2121b6185a133cb07f9eb864707a79354a97
exact_content_duplicate,44610,pc4_seed_2_nrows_2000_nclasses_10_ncols_100_stratify_True,cf376f12d5628588,6,1,4,False,exact_content_duplicate,9.0,0.08,0.0,0.0,107,178,0.0254,1458,,cf376f12d5628588ba43aa439a3f2121b6185a133cb07f9eb864707a79354a97
exact_content_duplicate,44611,pc4_seed_3_nrows_2000_nclasses_10_ncols_100_stratify_True,cf376f12d5628588,6,1,5,False,exact_content_duplicate,9.0,0.08,0.0,0.0,107,178,0.0254,1458,,cf376f12d5628588ba43aa439a3f2121b6185a133cb07f9eb864707a79354a97
exact_content_duplicate,44612,pc4_seed_4_nrows_2000_nclasses_10_ncols_100_stratify_True,cf376f12d5628588,6,1,6,False,exact_content_duplicate,9.0,0.08,0.0,0.0,107,178,0.0254,1458,,cf376f12d5628588ba43aa439a3f2121b6185a133cb07f9eb864707a79354a97
exact_content_duplicate,43973,phoneme,d5700bfce02f5678,6,1,1,True,tier_cascade_rank1,,0.0,0.0,0.0,1008,1586,0.0016,3172,,d5700bfce02f56781ad81425a57ca6a20b0658d89678a452a91e1db87c0fce11
exact_content_duplicate,44072,phoneme,d5700bfce02f5678,6,1,2,False,exact_content_duplicate,9.0,0.0,0.0,0.0,1008,1586,0.0016,3172,,d5700bfce02f56781ad81425a57ca6a20b0658d89678a452a91e1db87c0fce11
exact_content_duplicate,44075,phoneme,d5700bfce02f5678,6,1,3,False,exact_content_duplicate,9.0,0.0,0.0,0.0,1008,1586,0.0016,3172,,d5700bfce02f56781ad81425a57ca6a20b0658d89678a452a91e1db87c0fce11
exact_content_duplicate,44087,phoneme,d5700bfce02f5678,6,1,4,False,exact_content_duplicate,9.0,0.0,0.0,0.0,1008,1586,0.0016,3172,,d5700bfce02f56781ad81425a57ca6a20b0658d89678a452a91e1db87c0fce11
exact_content_duplicate,44118,phoneme,d5700bfce02f5678,6,1,5,False,exact_content_duplicate,9.0,0.0,0.0,0.0,1008,1586,0.0016,3172,,d5700bfce02f56781ad81425a57ca6a20b0658d89678a452a91e1db87c0fce11
exact_content_duplicate,44127,phoneme,d5700bfce02f5678,6,1,6,False,exact_content_duplicate,9.0,0.0,0.0,0.0,1008,1586,0.0016,3172,,d5700bfce02f56781ad81425a57ca6a20b0658d89678a452a91e1db87c0fce11
primary_group,44407,phoneme_seed_0_nrows_2000_nclasses_10_ncols_100_stratify_True,S10|F2|IR0|M9,16,3,1,True,tier_cascade_rank1,,0.0,0.0,0.0,634,1000,0.0025,2000,,b40a3e58e994b9af91a9abc861e7ba9d5cf9edc6b5d61b14b158a6fe5a4992b0
primary_group,44408,phoneme_seed_1_nrows_2000_nclasses_10_ncols_100_stratify_True,S10|F2|IR0|M9,16,3,2,False,not_selected,9.0,0.0,0.0,0.0,634,1000,0.0025,2000,,436e6b2e1132186939e2cb99f8b59c920cc4f826821ad66140ed9e86ee5df839
primary_group,44409,phoneme_seed_2_nrows_2000_nclasses_10_ncols_100_stratify_True,S10|F2|IR0|M9,16,3,3,False,not_selected,9.0,0.0,0.0,0.0,634,1000,0.0025,2000,,0ceea98cad1fe04c8f8678c3776eb3e447ff60cf26ab0a7897fae21830446b66
primary_group,44410,phoneme_seed_3_nrows_2000_nclasses_10_ncols_100_stratify_True,S10|F2|IR0|M9,16,3,4,False,not_selected,9.0,0.0,0.0,0.0,634,1000,0.0025,2000,,42a6123e385992093e1117e6a94f354b11b9555e1d5763963d1b561d915410be
primary_group,44411,phoneme_seed_4_nrows_2000_nclasses_10_ncols_100_stratify_True,S10|F2|IR0|M9,16,3,5,False,not_selected,9.0,0.0,0.0,0.0,634,1000,0.0025,2000,,fe5512dff6f9ec30451b5801732f97b1eb0d627b42722c3ca5ec887f35dba651
primary_group,44372,electricity_seed_0_nrows_2000_nclasses_10_ncols_100_stratify_True,S10|F2|IR0|M9,16,3,6,True,diversity_pick,6.0,0.0,0.0,0.0,634,1000,0.0035,2000,0.485427,e10aef8766ac834c6012ada6826858df516addd645605c3e26b067a8df40aff8
primary_group,44373,electricity_seed_1_nrows_2000_nclasses_10_ncols_100_stratify_True,S10|F2|IR0|M9,16,3,7,False,not_selected,6.0,0.0,0.0,0.0,634,1000,0.0035,2000,,d7139cc03dda74f56a85944fec77da902ee8e9d5d6a174eacfcfaf3c3aae83ef
primary_group,44374,electricity_seed_2_nrows_2000_nclasses_10_ncols_100_stratify_True,S10|F2|IR0|M9,16,3,8,False,not_selected,6.0,0.0,0.0,0.0,634,1000,0.0035,2000,,d60c829e7deec16bc319d7a9ecc423eef610bd957d262c2eb38ad2d3fd8f9979
primary_group,44375,electricity_seed_3_nrows_2000_nclasses_10_ncols_100_stratify_True,S10|F2|IR0|M9,16,3,9,False,not_selected,6.0,0.0,0.0,0.0,634,1000,0.0035,2000,,7c75724c63dc51ed4decb2b2b7dfda270732ec17f496245715e34ad864109eb4
primary_group,44376,electricity_seed_4_nrows_2000_nclasses_10_ncols_100_stratify_True,S10|F2|IR0|M9,16,3,10,False,not_selected,6.0,0.0,0.0,0.0,634,1000,0.0035,2000,,d342e96b6650207050f0d61a5abeef1b6816abe6c87cc0594ba464861aaacc7f
primary_group,44402,bank-marketing_seed_0_nrows_2000_nclasses_10_ncols_100_stratify_True,S10|F2|IR0|M9,16,3,11,False,not_selected,6.0,0.0,0.0,0.0,634,1000,0.0035,2000,,3db7fe68b08b90235ef931fccd9d05a47d575bc1e0f222861ec7391dad6bbeda
primary_group,44403,bank-marketing_seed_1_nrows_2000_nclasses_10_ncols_100_stratify_True,S10|F2|IR0|M9,16,3,12,False,not_selected,6.0,0.0,0.0,0.0,634,1000,0.0035,2000,,2a51cadd26b5e93b60692b2b6a23b346a5701a409bc9659d760a4839562177bf
primary_group,44404,bank-marketing_seed_2_nrows_2000_nclasses_10_ncols_100_stratify_True,S10|F2|IR0|M9,16,3,13,False,not_selected,6.0,0.0,0.0,0.0,634,1000,0.0035,2000,,83d9bb8971b61d5a48aed841d003bd868338e81208c746df3729255cc448f2c5
primary_group,44405,bank-marketing_seed_3_nrows_2000_nclasses_10_ncols_100_stratify_True,S10|F2|IR0|M9,16,3,14,False,not_selected,6.0,0.0,0.0,0.0,634,1000,0.0035,2000,,0e4a4bee52d458d6cf5e7860d7fa4f16bc3f4211fd2c2f53cedf4738b94f248c
primary_group,44406,bank-marketing_seed_4_nrows_2000_nclasses_10_ncols_100_stratify_True,S10|F2|IR0|M9,16,3,15,False,not_selected,6.0,0.0,0.0,0.0,634,1000,0.0035,2000,,d963a72b84ccd381cdf8db42fb29360b155614deb9065bd9e950f0b6d8944411
primary_group,1462,banknote-authentication,S10|F2|IR0|M9,16,3,16,True,diversity_pick,1.0,0.02,0.0,0.0,384,610,0.0029,1372,1.005404,d7ddd0ab875f3ff4356ad5ef08f5b6b478a9af8a35295dacdd75c62d1f85d923
primary_group,962,mfeat-morphological,S10|F2|IR3|M7,1,1,1,True,tier_cascade_rank1,,0.06,0.0,0.0,122,200,0.003,2000,,2e67e87ec0816e0c665b4a0e6c00dbd75ffbcbdd5d1d0ce01cc6f12645afd230
primary_group,44488,wilt_seed_0_nrows_2000_nclasses_10_ncols_100_stratify_True,S10|F2|IR4|M6,5,2,1,True,tier_cascade_rank1,,0.0,0.0,0.0,62,108,0.0025,2000,,7d5baebd80744c594c5747670cc3b65bd2d578e2a824660650b21c200757ad1e
primary_group,44489,wilt_seed_1_nrows_2000_nclasses_10_ncols_100_stratify_True,S10|F2|IR4|M6,5,2,2,True,diversity_pick,9.0,0.0,0.0,0.0,62,108,0.0025,2000,0.0,028b5c5396fb0903f1121625abff9590e5c938f0fa931a654b61f04b5de08f3f
primary_group,44490,wilt_seed_2_nrows_2000_nclasses_10_ncols_100_stratify_True,S10|F2|IR4|M6,5,2,3,False,not_selected,9.0,0.0,0.0,0.0,62,108,0.0025,2000,,2baef43a2cf285a06a38620af1589f2419cf5ff92de1a5ac1717240c736f2038
primary_group,44491,wilt_seed_3_nrows_2000_nclasses_10_ncols_100_stratify_True,S10|F2|IR4|M6,5,2,4,False,not_selected,9.0,0.0,0.0,0.0,62,108,0.0025,2000,,59d57a480a57835911f1c2ac95d7bbe826797ef9914bb15a93c5c8b3afa1a953
primary_group,44492,wilt_seed_4_nrows_2000_nclasses_10_ncols_100_stratify_True,S10|F2|IR4|M6,5,2,5,False,not_selected,9.0,0.0,0.0,0.0,62,108,0.0025,2000,,401663f3bb02606849dad36f7b08c22d49975df980d2bbf309a07d2c6b1ebefe
primary_group,44362,california_seed_0_nrows_2000_nclasses_10_ncols_100_stratify_True,S10|F3|IR0|M9,25,3,1,True,tier_cascade_rank1,,0.0,0.0,0.0,634,1000,0.004,2000,,bb1c42199645942b2bfef70cc31d0a4d2783d8f9230cf81612c4dc22d0c19623
primary_group,44363,california_seed_1_nrows_2000_nclasses_10_ncols_100_stratify_True,S10|F3|IR0|M9,25,3,2,False,not_selected,9.0,0.0,0.0,0.0,634,1000,0.004,2000,,4a41a249d9c9a75bb464a1ce4e472edd52ddd17e509d5928e3b984010fd10df6
primary_group,44364,california_seed_2_nrows_2000_nclasses_10_ncols_100_stratify_True,S10|F3|IR0|M9,25,3,3,False,not_selected,9.0,0.0,0.0,0.0,634,1000,0.004,2000,,a6c2238f87581a5b57bf018422338d0d79b37a40492cf1d8814a0d68c3d0df18
primary_group,44365,california_seed_3_nrows_2000_nclasses_10_ncols_100_stratify_True,S10|F3|IR0|M9,25,3,4,False,not_selected,9.0,0.0,0.0,0.0,634,1000,0.004,2000,,678c4cfadc1e5b39e9df473f8bdc1dee55272617767d0e456790265b79c2432a
primary_group,44366,california_seed_4_nrows_2000_nclasses_10_ncols_100_stratify_True,S10|F3|IR0|M9,25,3,5,False,not_selected,9.0,0.0,0.0,0.0,634,1000,0.004,2000,,d1cfd70957ca44b4e129c7be06700d668720089fd6427faf4d5d50fd6753f0c0
primary_group,44345,credit,S10|F3|IR0|M9,25,3,6,True,diversity_pick,6.0,0.0,0.0,0.0,634,1000,0.005,2000,0.137504,cc2ef139b40d696b6458ff107f8f7a2a63a08592167ee576e868b8cb25cad101
primary_group,44349,credit_seed_1_nrows_2000_nclasses_10_ncols_100_stratify_True,S10|F3|IR0|M9,25,3,7,False,not_selected,6.0,0.0,0.0,0.0,634,1000,0.005,2000,,b025d600eaf9546befb03c0df2cc21e6ce8a8e156fa121a3652802c8c155521b
primary_group,44350,credit_seed_2_nrows_2000_nclasses_10_ncols_100_stratify_True,S10|F3|IR0|M9,25,3,8,False,not_selected,6.0,0.0,0.0,0.0,634,1000,0.005,2000,,b67903ce949edc6ebf1d311eff54965e8299c91ff5843aa535581daef28d9f46
primary_group,44351,credit_seed_3_nrows_2000_nclasses_10_ncols_100_stratify_True,S10|F3|IR0|M9,25,3,9,False,not_selected,6.0,0.0,0.0,0.0,634,1000,0.005,2000,,955a5008b699e1ee74423bc834501c50e00c004cf3937553d3da8f35121406c4
primary_group,44352,credit_seed_4_nrows_2000_nclasses_10_ncols_100_stratify_True,S10|F3|IR0|M9,25,3,10,False,not_selected,6.0,0.0,0.0,0.0,634,1000,0.005,2000,,6c40218cd798f757760f6a51191e8640b2fb7d39876409c669d585731408d01b
primary_group,44377,covertype_seed_0_nrows_2000_nclasses_10_ncols_100_stratify_True,S10|F3|IR0|M9,25,3,11,False,not_selected,6.0,0.0,0.0,0.0,634,1000,0.005,2000,,0265d35656469f62fad2f6a9a867c778a54c5b2b934dd60e6a5fd2b38378ed96
primary_group,44378,covertype_seed_1_nrows_2000_nclasses_10_ncols_100_stratify_True,S10|F3|IR0|M9,25,3,12,False,not_selected,6.0,0.0,0.0,0.0,634,1000,0.005,2000,,cf54a9688ccfd01948d25a29485ca89e9e3db3c6cbc2383e031311d2e551c6af
primary_group,44379,covertype_seed_2_nrows_2000_nclasses_10_ncols_100_stratify_True,S10|F3|IR0|M9,25,3,13,False,not_selected,6.0,0.0,0.0,0.0,634,1000,0.005,2000,,ee5c358ea1eb6833144e8736de3e826b4c237ba3caf296a34bfcfcdc416830fa
primary_group,44380,covertype_seed_3_nrows_2000_nclasses_10_ncols_100_stratify_True,S10|F3|IR0|M9,25,3,14,False,not_selected,6.0,0.0,0.0,0.0,634,1000,0.005,2000,,374952940cde7334d89f9f0e19e349f2b64c7c1dbb301b4bb55c4c841e268374
primary_group,44381,covertype_seed_4_nrows_2000_nclasses_10_ncols_100_stratify_True,S10|F3|IR0|M9,25,3,15,False,not_selected,6.0,0.0,0.0,0.0,634,1000,0.005,2000,,dd28664e7035d18ade256ffcde4909ef26a04d1fb50b44e89d3c0798cfa5ee45
primary_group,44397,MagicTelescope_seed_0_nrows_2000_nclasses_10_ncols_100_stratify_True,S10|F3|IR0|M9,25,3,16,False,not_selected,6.0,0.0,0.0,0.0,634,1000,0.005,2000,,24332a362f044cb1159990e9521b591861868ab44910e9fd70a249dc13a9f379
primary_group,44398,MagicTelescope_seed_1_nrows_2000_nclasses_10_ncols_100_stratify_True,S10|F3|IR0|M9,25,3,17,False,not_selected,6.0,0.0,0.0,0.0,634,1000,0.005,2000,,fd30128a9a952ec1c013a527919afef67148a49792096e3d891d874823f72277
primary_group,44399,MagicTelescope_seed_2_nrows_2000_nclasses_10_ncols_100_stratify_True,S10|F3|IR0|M9,25,3,18,False,not_selected,6.0,0.0,0.0,0.0,634,1000,0.005,2000,,c69194d1b6a79c679f80f86d1273ab6a4e82e4f65be04328cd2469a726b787e0
primary_group,44400,MagicTelescope_seed_3_nrows_2000_nclasses_10_ncols_100_stratify_True,S10|F3|IR0|M9,25,3,19,False,not_selected,6.0,0.0,0.0,0.0,634,1000,0.005,2000,,b4bb33b69bd43723966b7583a280f19c3800b193023f7e9070f910a9a07c0ddd
primary_group,44401,MagicTelescope_seed_4_nrows_2000_nclasses_10_ncols_100_stratify_True,S10|F3|IR0|M9,25,3,20,False,not_selected,6.0,0.0,0.0,0.0,634,1000,0.005,2000,,8e24d1d3d86cf984255920509b05bfa18250fff5d7e7030751b4f03b44e9b1a4
primary_group,44367,wine_seed_0_nrows_2000_nclasses_10_ncols_100_stratify_True,S10|F3|IR0|M9,25,3,21,True,diversity_pick,1.0,0.1,0.0,0.0,634,1000,0.0055,2000,0.459432,74373fa2a661d69804789a63b251bbbd1e96e93cde1320b346b5147ea746ce1e
primary_group,44368,wine_seed_1_nrows_2000_nclasses_10_ncols_100_stratify_True,S10|F3|IR0|M9,25,3,22,False,not_selected,1.0,0.1,0.0,0.0,634,1000,0.0055,2000,,8517a16b495bd06f46d03161a9919c526f5a64b903af23786ab7299bdcf41b7a
primary_group,44369,wine_seed_2_nrows_2000_nclasses_10_ncols_100_stratify_True,S10|F3|IR0|M9,25,3,23,False,not_selected,1.0,0.1,0.0,0.0,634,1000,0.0055,2000,,c71b4ee444e7a7bf303e505a60170a49b9af2e66be88e9cb749464699fedf0d7
primary_group,44370,wine_seed_3_nrows_2000_nclasses_10_ncols_100_stratify_True,S10|F3|IR0|M9,25,3,24,False,not_selected,1.0,0.1,0.0,0.0,634,1000,0.0055,2000,,02c95c1a8a6f6b5d4db9f0c2570d564949c087ba9fa88fc1676451dae6ba2679
primary_group,44371,wine_seed_4_nrows_2000_nclasses_10_ncols_100_stratify_True,S10|F3|IR0|M9,25,3,25,False,not_selected,1.0,0.1,0.0,0.0,634,1000,0.0055,2000,,b7027c3a5b11604d9d4cd326d596cf016ee89576bfecd16cd2ad14dd116545e7
primary_group,44387,house_16H_seed_0_nrows_2000_nclasses_10_ncols_100_stratify_True,S10|F4|IR0|M9,35,3,1,True,tier_cascade_rank1,,0.0,0.0,0.0,634,1000,0.008,2000,,5d9660f3fedc3bbc81a6f332e22fe6a07b44836eeb258865b3614820bda48f94
primary_group,44388,house_16H_seed_1_nrows_2000_nclasses_10_ncols_100_stratify_True,S10|F4|IR0|M9,35,3,2,False,not_selected,9.0,0.0,0.0,0.0,634,1000,0.008,2000,,1c19dc65e9e5a380557da19d038af50036d10984c519651733f2ce6e6f924568
primary_group,44389,house_16H_seed_2_nrows_2000_nclasses_10_ncols_100_stratify_True,S10|F4|IR0|M9,35,3,3,False,not_selected,9.0,0.0,0.0,0.0,634,1000,0.008,2000,,59fa4418f2f5198760b8e86b319af1883cd1b51439b22da35b30b35f2a3db7bb
primary_group,44390,house_16H_seed_3_nrows_2000_nclasses_10_ncols_100_stratify_True,S10|F4|IR0|M9,35,3,4,False,not_selected,9.0,0.0,0.0,0.0,634,1000,0.008,2000,,83cab3d1e332b6a5e74cece277f1d421b897f5875555612685b456bfb7199c5a
primary_group,44391,house_16H_seed_4_nrows_2000_nclasses_10_ncols_100_stratify_True,S10|F4|IR0|M9,35,3,5,False,not_selected,9.0,0.0,0.0,0.0,634,1000,0.008,2000,,466381184780c11c7524851dd435ce8ac8e55e82ee8b9a9375bdaa4f04c078a5
primary_group,44392,kdd_ipums_la_97-small_seed_0_nrows_2000_nclasses_10_ncols_100_stratify_True,S10|F4|IR0|M9,35,3,6,True,diversity_pick,6.0,0.0,0.0,0.0,634,1000,0.01,2000,0.321928,278b7f961a1e7d40ea38a1925a940f3c695a9df8fc7cee038f3d976195d19993
primary_group,44393,kdd_ipums_la_97-small_seed_1_nrows_2000_nclasses_10_ncols_100_stratify_True,S10|F4|IR0|M9,35,3,7,False,not_selected,6.0,0.0,0.0,0.0,634,1000,0.01,2000,,08fc19af81f2d94d51e2a0705f3a26ecdf8aca44e46c59054c94495026f00b04
primary_group,44394,kdd_ipums_la_97-small_seed_2_nrows_2000_nclasses_10_ncols_100_stratify_True,S10|F4|IR0|M9,35,3,8,False,not_selected,6.0,0.0,0.0,0.0,634,1000,0.01,2000,,327e3f34f4bc92178ccb207ac689f4a5c4d54eb60248cd4897a8df2adafe7151
primary_group,44395,kdd_ipums_la_97-small_seed_3_nrows_2000_nclasses_10_ncols_100_stratify_True,S10|F4|IR0|M9,35,3,9,False,not_selected,6.0,0.0,0.0,0.0,634,1000,0.01,2000,,add71fb58f3480375f698a2f94d17a532686fdce486e83b51535612458f5c09e
primary_group,44396,kdd_ipums_la_97-small_seed_4_nrows_2000_nclasses_10_ncols_100_stratify_True,S10|F4|IR0|M9,35,3,10,False,not_selected,6.0,0.0,0.0,0.0,634,1000,0.01,2000,,c2fd70c60a4c446066357c13b7da1cd4b70a5367293fc12a0eccd17433a1982f
primary_group,44423,eye_movements_seed_0_nrows_2000_nclasses_10_ncols_100_stratify_True,S10|F4|IR0|M9,35,3,11,False,not_selected,6.0,0.0,0.0,0.0,634,1000,0.01,2000,,d4092782e68cd2c3e3926994ff3d2f4b32b9bb0255f16e2497ccc858ebd2349e
primary_group,44424,eye_movements_seed_1_nrows_2000_nclasses_10_ncols_100_stratify_True,S10|F4|IR0|M9,35,3,12,False,not_selected,6.0,0.0,0.0,0.0,634,1000,0.01,2000,,ffc0a0b26777aaa9a20d8173670c09819f9c154a105282c201fd28630e47487a
primary_group,44425,eye_movements_seed_2_nrows_2000_nclasses_10_ncols_100_stratify_True,S10|F4|IR0|M9,35,3,13,False,not_selected,6.0,0.0,0.0,0.0,634,1000,0.01,2000,,767984dfb4ec1678267233c74f828c92f92ffa70d7aa7dcadbcae626d9003da2
primary_group,44426,eye_movements_seed_3_nrows_2000_nclasses_10_ncols_100_stratify_True,S10|F4|IR0|M9,35,3,14,False,not_selected,6.0,0.0,0.0,0.0,634,1000,0.01,2000,,fc12681181673f6ad85ac90dbce0a2f6f13aa97a0c999677b5c9d4a06c211ea2
primary_group,44427,eye_movements_seed_4_nrows_2000_nclasses_10_ncols_100_stratify_True,S10|F4|IR0|M9,35,3,15,False,not_selected,6.0,0.0,0.0,0.0,634,1000,0.01,2000,,9895b35683482b83151c39a135cd3d68f2b235da57ff509760733d2e2446979b
primary_group,44678,sylvine_seed_0_nrows_2000_nclasses_10_ncols_100_stratify_True,S10|F4|IR0|M9,35,3,16,False,not_selected,6.0,0.0,0.0,0.0,634,1000,0.01,2000,,57ee0ae7add92e6fc42ffa4fb7449a3a119e2d677ac776a41b9806d224b34dd7
primary_group,44679,sylvine_seed_1_nrows_2000_nclasses_10_ncols_100_stratify_True,S10|F4|IR0|M9,35,3,17,False,not_selected,6.0,0.0,0.0,0.0,634,1000,0.01,2000,,92e3547f413704466860a069fbe3f612052d925f9729009124d0f7b8f8a490fc
primary_group,44680,sylvine_seed_2_nrows_2000_nclasses_10_ncols_100_stratify_True,S10|F4|IR0|M9,35,3,18,False,not_selected,6.0,0.0,0.0,0.0,634,1000,0.01,2000,,31dc2a1d4c67f94b523fdcfe85381bb13f7f31e1cef56b751829a3d4be64b1ad
primary_group,44681,sylvine_seed_3_nrows_2000_nclasses_10_ncols_100_stratify_True,S10|F4|IR0|M9,35,3,19,False,not_selected,6.0,0.0,0.0,0.0,634,1000,0.01,2000,,c0221e09d8f4982d83dcc95402fbd5ade264c4b72549bf65651864cbd4e2c275
primary_group,44682,sylvine_seed_4_nrows_2000_nclasses_10_ncols_100_stratify_True,S10|F4|IR0|M9,35,3,20,False,not_selected,6.0,0.0,0.0,0.0,634,1000,0.01,2000,,5f49f7fa870dc8f5e8ae122276c1242bbfe543c961a1d0e5b55190d047be2097
primary_group,44417,Higgs_seed_0_nrows_2000_nclasses_10_ncols_100_stratify_True,S10|F4|IR0|M9,35,3,21,False,not_selected,6.0,0.0,0.0,0.0,634,1000,0.012,2000,,4989b306865bba8c7aca0c3032123b30c0a40821baf2a3d126fc2a4f7b39b4f0
primary_group,44418,Higgs_seed_1_nrows_2000_nclasses_10_ncols_100_stratify_True,S10|F4|IR0|M9,35,3,22,False,not_selected,6.0,0.0,0.0,0.0,634,1000,0.012,2000,,6d035a61c4fc867a7e2a7a09f4b6f068592cc6d824d400a0be6dd3138db64c24
primary_group,44419,Higgs_seed_2_nrows_2000_nclasses_10_ncols_100_stratify_True,S10|F4|IR0|M9,35,3,23,False,not_selected,6.0,0.0,0.0,0.0,634,1000,0.012,2000,,0ca273c5140cb5a712225588c4d69ebce14f0da78426d4abe3ae36e40bf15edc
primary_group,44420,Higgs_seed_3_nrows_2000_nclasses_10_ncols_100_stratify_True,S10|F4|IR0|M9,35,3,24,False,not_selected,6.0,0.0,0.0,0.0,634,1000,0.012,2000,,d9e92b0190b4b6c9bc055d7ea7f03d1dc83de461e2ea3c61a1416d4007c1508c
primary_group,44421,Higgs_seed_4_nrows_2000_nclasses_10_ncols_100_stratify_True,S10|F4|IR0|M9,35,3,25,False,not_selected,6.0,0.0,0.0,0.0,634,1000,0.012,2000,,9a30d6e6682aa4e3bb3fa9f412cdbc4355aacf02d3268a999e8b7ec4c52f7353
primary_group,44382,pol_seed_0_nrows_2000_nclasses_10_ncols_100_stratify_True,S10|F4|IR0|M9,35,3,26,True,diversity_pick,6.0,0.0,0.0,0.0,634,1000,0.013,2000,0.70044,c03b6ab2f1c223b8e813d3c1b4c2d910d44cdd87ac997a73cdd6702867756c50
primary_group,44383,pol_seed_1_nrows_2000_nclasses_10_ncols_100_stratify_True,S10|F4|IR0|M9,35,3,27,False,not_selected,6.0,0.0,0.0,0.0,634,1000,0.013,2000,,46723bc8ec40af2510bbcf9da30fa62b1164a212ef032b76065406687a3bca75
primary_group,44384,pol_seed_2_nrows_2000_nclasses_10_ncols_100_stratify_True,S10|F4|IR0|M9,35,3,28,False,not_selected,6.0,0.0,0.0,0.0,634,1000,0.013,2000,,d4ca05610ffd83b9b0ded60868b0d380f8735a9f5a5dd25fe4f17a104e70a980
primary_group,44385,pol_seed_3_nrows_2000_nclasses_10_ncols_100_stratify_True,S10|F4|IR0|M9,35,3,29,False,not_selected,6.0,0.0,0.0,0.0,634,1000,0.013,2000,,1e9cce264d7349f56e1e63a8da98efb7bade4412efcf2be06bd663399073ab28
primary_group,44386,pol_seed_4_nrows_2000_nclasses_10_ncols_100_stratify_True,S10|F4|IR0|M9,35,3,30,False,not_selected,6.0,0.0,0.0,0.0,634,1000,0.013,2000,,5050888a3f84448cd79200609c32b94611b7a6a32b71162cdd2962cd354d1e6d
primary_group,44493,numerai28.6_seed_0_nrows_2000_nclasses_10_ncols_100_stratify_True,S10|F4|IR0|M9,35,3,31,False,not_selected,4.0,0.0,0.0,0.0,627,990,0.0105,2000,,321a852222db9822c6cb28bff68c0eacf5a9f4591d7e7361ade0f80bfc6d9cc6
primary_group,44494,numerai28.6_seed_1_nrows_2000_nclasses_10_ncols_100_stratify_True,S10|F4|IR0|M9,35,3,32,False,not_selected,4.0,0.0,0.0,0.0,627,990,0.0105,2000,,6752205b3006c20a1942801414a65f784e3881369002995599a85fb08b57ffcd
primary_group,44495,numerai28.6_seed_2_nrows_2000_nclasses_10_ncols_100_stratify_True,S10|F4|IR0|M9,35,3,33,False,not_selected,4.0,0.0,0.0,0.0,627,990,0.0105,2000,,7aa712b8fde81829d644fbcedac38b31d2e6aa9bde5a2c0c23b77dbcc8a4f3cc
primary_group,44496,numerai28.6_seed_3_nrows_2000_nclasses_10_ncols_100_stratify_True,S10|F4|IR0|M9,35,3,34,False,not_selected,4.0,0.0,0.0,0.0,627,990,0.0105,2000,,edd6b50efda9358c379a3b54f5070da7275480ddee1b23395f8a46321b0cca0c
primary_group,44497,numerai28.6_seed_4_nrows_2000_nclasses_10_ncols_100_stratify_True,S10|F4|IR0|M9,35,3,35,False,not_selected,4.0,0.0,0.0,0.0,627,990,0.0105,2000,,1d8552f71a205616d84578e2fd7e45c9280bfde5b8a10baf2f87eaed18e00e33
primary_group,1068,pc1,S10|F4|IR4|M6,1,1,1,True,tier_cascade_rank1,,0.14,0.0,0.0,42,77,0.0189,1109,,d335e79585d92bba073b24d9c6491d9f8296893763b59471dc73890cf42114cb
primary_group,44412,MiniBooNE_seed_0_nrows_2000_nclasses_10_ncols_100_stratify_True,S10|F5|IR0|M9,10,2,1,True,tier_cascade_rank1,,0.0,0.0,0.0,634,1000,0.025,2000,,20c2326182573c787305dce799eebf2841710406f19b8cf47616f33f8fe05c84
primary_group,44413,MiniBooNE_seed_1_nrows_2000_nclasses_10_ncols_100_stratify_True,S10|F5|IR0|M9,10,2,2,False,not_selected,9.0,0.0,0.0,0.0,634,1000,0.025,2000,,94fbe8ab73d11ace372e22f1de4919075b919a672366a190ea9b9242da659528
primary_group,44414,MiniBooNE_seed_2_nrows_2000_nclasses_10_ncols_100_stratify_True,S10|F5|IR0|M9,10,2,3,False,not_selected,9.0,0.0,0.0,0.0,634,1000,0.025,2000,,9a129a4a1d47e39c07ba3f57d8d23dea9fab8762feecfc73bd2589e90923fa95
primary_group,44415,MiniBooNE_seed_3_nrows_2000_nclasses_10_ncols_100_stratify_True,S10|F5|IR0|M9,10,2,4,False,not_selected,9.0,0.0,0.0,0.0,634,1000,0.025,2000,,c8271e7209e7aa925e780dde816ebbc125a04146593449f1bcb8bb5809bfb5e8
primary_group,44416,MiniBooNE_seed_4_nrows_2000_nclasses_10_ncols_100_stratify_True,S10|F5|IR0|M9,10,2,5,False,not_selected,9.0,0.0,0.0,0.0,634,1000,0.025,2000,,ca305fba3f25b9906859b2c40901132e609f0531633954b65fa0e07db3ed9a5c
primary_group,44428,jannis_seed_0_nrows_2000_nclasses_10_ncols_100_stratify_True,S10|F5|IR0|M9,10,2,6,True,diversity_pick,6.0,0.0,0.0,0.0,634,1000,0.027,2000,0.111031,5c4f6d5cb81b3623b4808d56759289efbcd6cb6186f4880bbb23f2a55008623e
primary_group,44429,jannis_seed_1_nrows_2000_nclasses_10_ncols_100_stratify_True,S10|F5|IR0|M9,10,2,7,False,not_selected,6.0,0.0,0.0,0.0,634,1000,0.027,2000,,0bb9b66d7983bbf7dd485399161386a9e200e878a27bdf77d17eb3ff4c16e369
primary_group,44430,jannis_seed_2_nrows_2000_nclasses_10_ncols_100_stratify_True,S10|F5|IR0|M9,10,2,8,False,not_selected,6.0,0.0,0.0,0.0,634,1000,0.027,2000,,5e2bc3a9b97ee768680da65d03742c8ec2e433a33f3f90f923557b58d8defa46
primary_group,44431,jannis_seed_3_nrows_2000_nclasses_10_ncols_100_stratify_True,S10|F5|IR0|M9,10,2,9,False,not_selected,6.0,0.0,0.0,0.0,634,1000,0.027,2000,,06086d0bd6fbcb918ebca0387e1e7c18ec79f584203687960d2e254145e40df6
primary_group,44432,jannis_seed_4_nrows_2000_nclasses_10_ncols_100_stratify_True,S10|F5|IR0|M9,10,2,10,False,not_selected,6.0,0.0,0.0,0.0,634,1000,0.027,2000,,484085b09489850382ee455e6254ad4c92e869531df1183521d8c525b8d3ddd1
primary_group,1494,qsar-biodeg,S10|F5|IR1|M8,1,1,1,True,tier_cascade_rank1,,0.0,0.0,0.0,221,356,0.0389,1055,,59a7a0007dde0ac53924a1b04af6d6479f426a4aa009e18338d31a6b16700033
primary_group,1504,steel-plates-fault,S10|F5|IR1|M9,2,1,1,True,tier_cascade_rank1,,0.0,0.0,0.0,424,673,0.017,1941,,1cdacebcb08cd9319d472987e8ab67f490fb60055419858c3850b1baf9c44c3d
primary_group,47150,CanadaFiresD,S10|F5|IR1|M9,2,1,2,False,not_selected,4.0,0.0,0.0,0.0,370,588,0.0309,1491,,fa6cd43ab2e389dfdafced70665bd3dd750a8747e1bb2c59ad9033ef8c8cafbb
primary_group,44570,ada_seed_2_nrows_2000_nclasses_10_ncols_100_stratify_True,S10|F5|IR2|M8,5,2,1,True,tier_cascade_rank1,,0.0,0.0,0.04,310,496,0.024,2000,,0d35c067f3a0c5fa1466bfb9734a43bdd78dd203befc7c228eee3b11351ae044
primary_group,44568,ada_seed_0_nrows_2000_nclasses_10_ncols_100_stratify_True,S10|F5|IR2|M8,5,2,2,True,diversity_pick,3.0,0.0,0.0,0.06,310,496,0.024,2000,0.0,42a8363649d66eb03c0a5122368b18d7b810c8f2df67d0eae79e28327ced5167
primary_group,44569,ada_seed_1_nrows_2000_nclasses_10_ncols_100_stratify_True,S10|F5|IR2|M8,5,2,3,False,not_selected,3.0,0.0,0.0,0.06,310,496,0.024,2000,,2b32391382fb1a50aa4a32a8d333bf944f65a980f9c666e317f3b1859882e461
primary_group,44571,ada_seed_3_nrows_2000_nclasses_10_ncols_100_stratify_True,S10|F5|IR2|M8,5,2,4,False,not_selected,3.0,0.0,0.0,0.06,310,496,0.024,2000,,8c9c7097be1c12adf4b4f326444ee682edcc5812542afb1f1ddf4651de93af09
primary_group,44572,ada_seed_4_nrows_2000_nclasses_10_ncols_100_stratify_True,S10|F5|IR2|M8,5,2,5,False,not_selected,3.0,0.0,0.0,0.06,310,496,0.024,2000,,14a03e4e0bf2078dedf9f546513bd814fed928db2b438df3dd87552d21504895
primary_group,1444,PizzaCutter3,S10|F5|IR3|M6,1,1,1,True,tier_cascade_rank1,,0.0,0.0,0.0,74,127,0.0355,1043,,ff49074e2914f43b051fc829c66c3d3039b2b6b478cb7a1548f2ba73de1607e5
primary_group,995,mfeat-zernike,S10|F5|IR3|M7,4,2,1,True,tier_cascade_rank1,,0.0,0.0,0.0,122,200,0.0235,2000,,78d382c387e8c889d89b0b56bf630f7412aafc9d016dc07c3d9b8c83355698c4
primary_group,1453,PieChart3,S10|F5|IR3|M7,4,2,2,True,diversity_pick,4.0,0.0,0.0,0.0,79,134,0.0344,1077,1.17316,634cdcb0051355b46c02c3b430165ea59da90df40d2e1da1d66ab1e66e123c6e
primary_group,1049,pc4,S10|F5|IR3|M7,4,2,3,False,not_selected,1.0,0.08,0.0,0.0,107,178,0.0254,1458,,cf376f12d5628588ba43aa439a3f2121b6185a133cb07f9eb864707a79354a97
primary_group,1050,pc3,S10|F5|IR3|M7,4,2,4,False,not_selected,1.0,0.08,0.0,0.0,96,160,0.0237,1563,,abe8e1e54b216db03884018dfefa23e87665480a54e7379f815f38ddd64facb4
primary_group,1479,hill-valley,S10|F6|IR0|M9,2,1,1,True,tier_cascade_rank1,,0.0,0.0,0.0,381,606,0.0825,1212,,40e173979bfc19fe73cf60ee718f727cd7a805a7b400a2cde570093e2af8c308
primary_group,1566,hill-valley,S10|F6|IR0|M9,2,1,2,False,not_selected,4.0,0.0,0.0,0.0,378,600,0.0825,1212,,2d2c3403999073bbef2f80efb3b73256bed2259da7ea2fe5d99d586714cd68a5
primary_group,1020,mfeat-karhunen,S10|F6|IR3|M7,1,1,1,True,tier_cascade_rank1,,0.0,0.0,0.0,122,200,0.032,2000,,663dab689f1bf757a19ae75a6ae8a18a869ddebb773254ee588d9cb5f7852662
primary_group,44548,ozone-level-8hr_seed_0_nrows_2000_nclasses_10_ncols_100_stratify_True,S10|F6|IR4|M6,5,2,1,True,tier_cascade_rank1,,0.0,0.0,0.0,74,126,0.036,2000,,b1a1d992fd09c7388c4cb4a51b339c83d66f600029b31ddb0c756742fb6e0e43
primary_group,44549,ozone-level-8hr_seed_1_nrows_2000_nclasses_10_ncols_100_stratify_True,S10|F6|IR4|M6,5,2,2,True,diversity_pick,9.0,0.0,0.0,0.0,74,126,0.036,2000,0.0,ce1d270e48f51afb9f9376e09ceadcc5f7dd5083b7faa77dae50ae11c982e261
primary_group,44550,ozone-level-8hr_seed_2_nrows_2000_nclasses_10_ncols_100_stratify_True,S10|F6|IR4|M6,5,2,3,False,not_selected,9.0,0.0,0.0,0.0,74,126,0.036,2000,,40c5c0ce87e963c9dfb4bf8c1a4d559a9aba44b9616f6c55b1ca6639b312b740
primary_group,44551,ozone-level-8hr_seed_3_nrows_2000_nclasses_10_ncols_100_stratify_True,S10|F6|IR4|M6,5,2,4,False,not_selected,9.0,0.0,0.0,0.0,74,126,0.036,2000,,0a48b3fc7f7883cea5ccc9687f4daf77e59db226d3abca73a12d4faa892dae4a
primary_group,44552,ozone-level-8hr_seed_4_nrows_2000_nclasses_10_ncols_100_stratify_True,S10|F6|IR4|M6,5,2,5,False,not_selected,9.0,0.0,0.0,0.0,74,126,0.036,2000,,c4454be7ed0c0014776fb082fff6ec5ad30d547aff3892c3de03ae8fac10afc7
primary_group,772,quake,S11|F1|IR0|M9,1,1,1,True,tier_cascade_rank1,,0.0,0.0,0.0,614,969,0.0014,2178,,68d45f9b5ab7f607819fb35cc15349c96b31c5a73a7378fa3ed9d804a578b475
primary_group,871,pollen,S11|F2|IR0|M10,3,1,1,True,tier_cascade_rank1,,0.0,0.0,0.0,1225,1924,0.0013,3848,,8d41585de3da65795b9cb16020843d031c911f3b3d314650fd4fa1942722ce01
primary_group,43973,phoneme,S11|F2|IR0|M10,3,1,2,False,not_selected,4.0,0.0,0.0,0.0,1008,1586,0.0016,3172,,d5700bfce02f56781ad81425a57ca6a20b0658d89678a452a91e1db87c0fce11
primary_group,737,space_ga,S11|F2|IR0|M10,3,1,3,False,not_selected,4.0,0.0,0.0,0.0,979,1541,0.0019,3107,,e4d2f9964971c82b5815add5c20f541c8afd7424c2d312dd575fe1e510b5f4c9
primary_group,46951,Pumpkin_Seeds,S11|F3|IR0|M10,2,1,1,True,tier_cascade_rank1,,0.0,0.0,0.0,762,1200,0.0048,2500,,9129baedd342d8420a165309a9e6143b8bc78eda2909893f3cc86dbda5dc2f29
primary_group,43980,wine,S11|F3|IR0|M10,2,1,2,False,not_selected,1.0,0.13,0.0,0.0,810,1277,0.0043,2554,,2df39d3e00fcdfb570af35c31d6296912e43e12f7421d31ddf131d97140f011c
primary_group,46930,hazelnut-spread-contaminant-detection,S11|F4|IR0|M10,1,1,1,True,tier_cascade_rank1,,0.0,0.0,0.0,762,1200,0.0125,2400,,c229ed52ab068fa87ca41f524e5b57d5606e7e03ceeee709610e084fc3c79e76
primary_group,958,segment,S11|F4|IR3|M8,1,1,1,True,tier_cascade_rank1,,0.1,0.0,0.05,205,330,0.0082,2310,,bb800855a0c3eaa392a9e8d13d961bbe987cae68c216dea4aca10e0dfc1ccb40
primary_group,41946,Sick_numeric,S11|F4|IR4|M7,1,1,1,True,tier_cascade_rank1,,0.02,0.0,0.07,141,231,0.0077,3772,,26eee4ecb9e0639debcb238b733f2178da2ad55c6bbe720242e67e02c2f97954
primary_group,40983,wilt,S12|F2|IR4|M8,1,1,1,True,tier_cascade_rank1,,0.0,0.0,0.0,160,261,0.001,4839,,89ee813a6f3f7d83a30fd14b630d705354c75ad7943628c08827762d3cc1ffca
primary_group,464,prnn_synth,S7|F1|IR0|M6,1,1,1,True,tier_cascade_rank1,,0.0,0.0,0.0,74,125,0.008,250,,2995fb4da1b0ec064c6b63c03353f3119402365448a84c21b45f55f1efbc5463
primary_group,895,chscase_geyser1,S7|F1|IR1|M6,1,1,1,True,tier_cascade_rank1,,0.19,0.0,0.0,50,88,0.009,222,,cea9f8393e047272e95c742a44b96358e58735cab7e13dd4db98b08feaaf7146
primary_group,776,fri_c0_250_5,S7|F2|IR0|M6,4,2,1,True,tier_cascade_rank1,,0.0,0.0,0.0,74,125,0.02,250,,a951a163a98f8c13028ef17e7fa32cf123de06de40bd4edfe6fa42ecd6115670
primary_group,730,fri_c1_250_5,S7|F2|IR0|M6,4,2,2,False,not_selected,4.0,0.0,0.0,0.0,70,119,0.02,250,,d6130c944ba803967f64a7a07fb6699e2c8d9ec59776cb33715f379e89f89dd1
primary_group,911,fri_c2_250_5,S7|F2|IR0|M6,4,2,3,False,not_selected,4.0,0.0,0.0,0.0,64,110,0.02,250,,ae69323031791b52642a4f0edea2cff4fa4f1e2c66a3e08edaf18653e5ebfc26
primary_group,744,fri_c3_250_5,S7|F2|IR0|M6,4,2,4,True,diversity_pick,4.0,0.0,0.0,0.0,63,109,0.02,250,0.420665,d139f5cc71c707f94c79fe2cf071a5a0f04a00dc2d7a781201718b1fa607205f
primary_group,733,machine_cpu,S7|F2|IR1|M5,1,1,1,True,tier_cascade_rank1,,0.09,0.0,0.0,29,56,0.0287,209,,38cc4b871003f3b9ea9b37a759097ecd14da751d9bd22fdbaca3b9bed3014650
primary_group,763,fri_c0_250_10,S7|F3|IR0|M6,7,2,1,True,tier_cascade_rank1,,0.0,0.0,0.0,74,125,0.04,250,,9cae31ca8d6ea8e8d97d7a2c0b90b0a889993c3d9bc301cc0ab27acfb22f9520
primary_group,778,bodyfat,S7|F3|IR0|M6,7,2,2,False,not_selected,4.0,0.0,0.0,0.0,73,124,0.0556,252,,56b2da107db2997903b4de9339a6335f9475dd80d736ae861b59f7ed97350149
primary_group,863,fri_c4_250_10,S7|F3|IR0|M6,7,2,3,False,not_selected,4.0,0.0,0.0,0.0,68,117,0.04,250,,751659de3ebd3eaa99b0d2b8baf828027b372f903ba3da90b079b22fde54e3cb
primary_group,793,fri_c3_250_10,S7|F3|IR0|M6,7,2,4,False,not_selected,4.0,0.0,0.0,0.0,67,115,0.04,250,,263f712fb6e5617edca96696e631d8dcceb3e4bb8090989fffcfc7a2835698cd
primary_group,935,fri_c1_250_10,S7|F3|IR0|M6,7,2,5,False,not_selected,4.0,0.0,0.0,0.0,64,110,0.04,250,,98f9e3a3ef80b2bc068db2ca202520888537e22e4f9b35a99dbf388de3497de5
primary_group,721,pwLinear,S7|F3|IR0|M6,7,2,6,False,not_selected,4.0,0.0,0.0,0.0,55,97,0.05,200,,0e8a7cd90979d109ab8a2c48131811f9ee2011a1a076cc4d569b5668b79dc857
primary_group,46279,algerian_forest_fires,S7|F3|IR0|M6,7,2,7,True,diversity_pick,3.0,0.0,0.0,0.08,61,106,0.0535,243,0.581817,c9b49bb6411216953a403401f22b2e7e36285473eb19d6c94e731eff7e7f1c51
primary_group,820,chatfield_4,S7|F3|IR1|M6,4,2,1,True,tier_cascade_rank1,,0.0,0.0,0.0,53,93,0.0511,235,,ee6dd1786aad3a702f4dfb3cdb2e530b4f738580073c64562951e1248b671d97
primary_group,830,fri_c2_250_10,S7|F3|IR1|M6,4,2,2,False,not_selected,4.0,0.0,0.0,0.0,51,91,0.04,250,,be345815c7c17af7193063131c16b798d2c8b692ff423a2a51348f3a6e82f326
primary_group,996,prnn_fglass,S7|F3|IR1|M6,4,2,3,True,diversity_pick,4.0,0.0,0.0,0.0,42,76,0.0421,214,0.581218,c31fef10b874039ef0922cbb9734f54f719ca9e09419cf97f9016cd56b482dd2
primary_group,1005,glass,S7|F3|IR1|M6,4,2,4,False,not_selected,4.0,0.0,0.0,0.0,42,76,0.0421,214,,61b4f6b46875eb513060fb6bde2eeeb867569e0c6834282b005d0592e774c7e9
primary_group,773,fri_c0_250_25,S7|F4|IR0|M6,5,2,1,True,tier_cascade_rank1,,0.0,0.0,0.0,73,124,0.1,250,,1bdf81ab57e90ac1bccdc9ffd19de4d3a3043402f239c25c7cfba73115d80e7e
primary_group,933,fri_c4_250_25,S7|F4|IR0|M6,5,2,2,False,not_selected,4.0,0.0,0.0,0.0,66,114,0.1,250,,8d999d88e549895544a109a36c54c7b156268a852155fcd28291c1abda01d853
primary_group,794,fri_c2_250_25,S7|F4|IR0|M6,5,2,3,False,not_selected,4.0,0.0,0.0,0.0,64,111,0.1,250,,4cc3b18a3d7a08bc1a669f44ea1573ad3b36bd741dfa00085934e68c38c58614
primary_group,832,fri_c3_250_25,S7|F4|IR0|M6,5,2,4,False,not_selected,4.0,0.0,0.0,0.0,64,111,0.1,250,,8a0abe0d27b9bf29bc759972b86c10bdc14d4654b8d7e93bb0d86f5be5e6c7fe
primary_group,746,fri_c1_250_25,S7|F4|IR0|M6,5,2,5,True,diversity_pick,4.0,0.0,0.0,0.0,62,107,0.1,250,0.448923,2b6b7b0f401745f04eef160e09ffedc817f8e1fb2fd3c62483fdc2c8ecba4cad
primary_group,732,fri_c0_250_50,S7|F5|IR0|M6,6,2,1,True,tier_cascade_rank1,,0.0,0.0,0.0,68,117,0.2,250,,89280d179b7714fc567eec67fedbec7c9131bd25fbae54bff43a9be996e5b347
primary_group,918,fri_c4_250_50,S7|F5|IR0|M6,6,2,2,False,not_selected,4.0,0.0,0.0,0.0,67,115,0.2,250,,307702d76e255b7afdcc358d99dc00c7458945c7981d3a0f057aeb4fb0472c31
primary_group,769,fri_c1_250_50,S7|F5|IR0|M6,6,2,3,False,not_selected,4.0,0.0,0.0,0.0,66,113,0.2,250,,8960c28fc80d25db02ea7bfae337ea83ff7105e86e7477020d2c5cd3fa9d93a6
primary_group,877,fri_c2_250_50,S7|F5|IR0|M6,6,2,4,False,not_selected,4.0,0.0,0.0,0.0,66,113,0.2,250,,862c32ff998dbd798f36bacdda15fe05ea3b5852226374adf4a84ebb635c8de6
primary_group,873,fri_c3_250_50,S7|F5|IR0|M6,6,2,5,False,not_selected,4.0,0.0,0.0,0.0,62,108,0.2,250,,0c4fd408c1a586ddc608743837e2e69cb4d8af8cd9499e0fa895c21b6e7f045e
primary_group,40,sonar,S7|F5|IR0|M6,6,2,6,True,diversity_pick,4.0,0.0,0.0,0.0,55,97,0.2885,208,0.461336,c452da0c5e36406b6afd06f59a674b50ddc0392bd0c39b02e3429d1d1a9cbdc2
primary_group,834,fri_c4_250_100,S7|F6|IR0|M6,1,1,1,True,tier_cascade_rank1,,0.0,0.0,0.0,64,110,0.4,250,,e6b450e9c45fc67ce38c186772d108085bb836f0692e7a0c7e4ef7f2d4025298
primary_group,814,chscase_vine2,S8|F1|IR0|M7,1,1,1,True,tier_cascade_rank1,,0.0,0.0,0.0,129,212,0.0043,468,,fa2d8570960ac98fb72f44185c840a1b792dc70a070cb58cc288fceaea5f5bd1
primary_group,884,fri_c0_500_5,S8|F2|IR0|M7,13,2,1,True,tier_cascade_rank1,,0.0,0.0,0.0,153,249,0.01,500,,85a7216bd434a0a553a5220cf74e21020147d0c97acde5f190f2e58ddf3aa698
primary_group,886,no2,S8|F2|IR0|M7,13,2,2,False,not_selected,6.0,0.0,0.0,0.0,153,249,0.014,500,,4b7ce27253693bee47202708f6e2fe9acf5377dcb8a358574e807cc31350b583
primary_group,750,pm10,S8|F2|IR0|M7,13,2,3,False,not_selected,4.0,0.0,0.0,0.0,150,246,0.014,500,,66f14b1d77eec1294cd6482d8479a8e9fdec3e6b9309da4c2afc78811075448e
primary_group,749,fri_c3_500_5,S8|F2|IR0|M7,13,2,4,False,not_selected,4.0,0.0,0.0,0.0,145,237,0.01,500,,36e3154e1ea256a5579d3229357461e7d5f3804d6c60f1972a3256fa459ff91e
primary_group,870,fri_c1_500_5,S8|F2|IR0|M7,13,2,5,False,not_selected,4.0,0.0,0.0,0.0,142,233,0.01,500,,8ce95a8b1cce689c48aad747215b98f0317cd9c06bb350dfb90c6fd4b4892606
primary_group,792,fri_c2_500_5,S8|F2|IR0|M7,13,2,6,False,not_selected,4.0,0.0,0.0,0.0,122,202,0.01,500,,b1b900ef9ba442969398e067fe6bcb1739de4be7722230356565fe5d4d3cc4e7
primary_group,909,chscase_census2,S8|F2|IR0|M7,13,2,7,False,not_selected,4.0,0.0,0.0,0.0,119,197,0.0175,400,,2abff1300ec85481d5173b6798c806c07fc1797c9ecec00bdd174f19c4204930
primary_group,907,chscase_census4,S8|F2|IR0|M7,13,2,8,False,not_selected,4.0,0.0,0.0,0.0,118,194,0.0175,400,,56018bdc8031cbc3222d7abacb0a8c61cac9c03bbed9dfc63d66a9c824199e7f
primary_group,906,chscase_census5,S8|F2|IR0|M7,13,2,9,False,not_selected,4.0,0.0,0.0,0.0,117,193,0.0175,400,,58f2e7158400552628fcb7d614ec9a267ea1bac360b0bbe7eb5db9b003d01be2
primary_group,908,chscase_census3,S8|F2|IR0|M7,13,2,10,False,not_selected,4.0,0.0,0.0,0.0,116,192,0.0175,400,,961578487f583f6362a4447a0c6dfac6fc532485794c47d66647d038a7783a66
primary_group,900,chscase_census6,S8|F2|IR0|M7,13,2,11,False,not_selected,4.0,0.0,0.0,0.0,99,165,0.015,400,,e13d6b874d892be147d9738daad39c2cd67439a23297d229fe17a5a9ad074de3
primary_group,925,visualizing_galaxy,S8|F2|IR0|M7,13,2,12,False,not_selected,4.0,0.0,0.0,0.0,88,148,0.0124,323,,8a9ec42586d407221a395a6e22eda0a5d1f7581e30d40f2ee13570609149fc4d
primary_group,1011,ecoli,S8|F2|IR0|M7,13,2,13,True,diversity_pick,4.0,0.0,0.0,0.0,85,143,0.0208,336,1.175581,9ea4e0c8d273ee40470170714ad73ee0c69fe24644c5d97c4be6c2665d73ad92
primary_group,1524,vertebra-column,S8|F2|IR1|M6,1,1,1,True,tier_cascade_rank1,,0.0,0.0,0.0,58,100,0.0194,310,,881d6ed4bacc8f0430b6a248330c90fe72abbaff590e832b4ca6395b1d761d14
primary_group,53,heart-statlog,S8|F3|IR0|M6,1,1,1,True,tier_cascade_rank1,,0.0,0.0,0.0,70,120,0.0481,270,,90d4b4788d0d840ca5aaf15588d2f21e0b48fb226f447fb128dcfc153f705968
primary_group,943,fri_c0_500_10,S8|F3|IR0|M7,9,2,1,True,tier_cascade_rank1,,0.0,0.0,0.0,147,241,0.02,500,,290bc1d1457f3bdd14fe7218c2b43639f73dc73ecc56746c2ce61d9e03a4dc88
primary_group,936,fri_c3_500_10,S8|F3|IR0|M7,9,2,2,False,not_selected,4.0,0.0,0.0,0.0,139,228,0.02,500,,7341a387e52170f2e4a49f77a4e50f4aa8cbf8f76f69a33cd02f253b60555f81
primary_group,824,fri_c1_500_10,S8|F3|IR0|M7,9,2,3,False,not_selected,4.0,0.0,0.0,0.0,138,226,0.02,500,,4ac6904b9d173b3e6423062a03f33657e758e592beb7216ecd9fccfbd96706ad
primary_group,855,fri_c4_500_10,S8|F3|IR0|M7,9,2,4,False,not_selected,4.0,0.0,0.0,0.0,137,224,0.02,500,,059e782935d9b3d9e9ac2345610e3a75d1f48d47a50f0f05fc51f610f254132e
primary_group,717,rmftsa_ladata,S8|F3|IR0|M7,9,2,5,False,not_selected,4.0,0.0,0.0,0.0,135,222,0.0197,508,,6653017f86bddcafb4634f1f22c447739f9b5a59a56ee0f70f7f843978fd0d36
primary_group,869,fri_c2_500_10,S8|F3|IR0|M7,9,2,6,False,not_selected,4.0,0.0,0.0,0.0,130,214,0.02,500,,ed67e200e8a94e67a397990728573f39e3fc35828cfae2e9ee3674cf161be706
primary_group,880,mu284,S8|F3|IR0|M7,9,2,7,False,not_selected,4.0,0.0,0.0,0.0,84,142,0.0352,284,,ba3792892a13ed36bc01d5d0c66094183ad666159aef5ac2078a319b5df8e85b
primary_group,1073,jEdit_4.0_4.2,S8|F3|IR0|M7,9,2,8,True,diversity_pick,1.0,0.01,0.0,0.0,79,134,0.0292,274,1.255134,609eca81087d0a9022b20a0c51e7fc19580e5672ffdbe5b8e4cea86eb8dddc2d
primary_group,1048,jEdit_4.2_4.3,S8|F3|IR0|M7,9,2,9,False,not_selected,1.0,0.02,0.0,0.0,99,165,0.0217,369,,feee298045bfc75ff1aa90828ff041cfe866772e63e74817a4b47db9c9512af4
primary_group,926,fri_c0_500_25,S8|F4|IR0|M7,4,2,1,True,tier_cascade_rank1,,0.0,0.0,0.0,150,245,0.05,500,,7a329c4f40bec59ef8105d67c1f81a1b740fd25969e372160730a66204968f48
primary_group,779,fri_c1_500_25,S8|F4|IR0|M7,4,2,2,False,not_selected,4.0,0.0,0.0,0.0,142,233,0.05,500,,e1010787a42bf72057353463332c4884d5bc7ae9addf63464948139992dd962b
primary_group,896,fri_c3_500_25,S8|F4|IR0|M7,4,2,3,False,not_selected,4.0,0.0,0.0,0.0,134,220,0.05,500,,a920192522f6c376a588a2a8cbf631d4bd045854192a74d26e6451c0efe89639
primary_group,838,fri_c4_500_25,S8|F4|IR0|M7,4,2,4,True,diversity_pick,4.0,0.0,0.0,0.0,131,216,0.05,500,0.383014,b06f8cb15dc57b45df58923d0176a4124e2a1218427f8c7ad1911b54a912bc0f
primary_group,879,fri_c2_500_25,S8|F4|IR1|M7,1,1,1,True,tier_cascade_rank1,,0.0,0.0,0.0,118,196,0.05,500,,57e8de31d47f7ec3308df2646e9ab3c8c6b92c47a91a07c0600d33fbdd129042
primary_group,888,fri_c0_500_50,S8|F5|IR0|M7,5,2,1,True,tier_cascade_rank1,,0.0,0.0,0.0,150,244,0.1,500,,84a5f26c0761c68cfd1b87f4337ce7d34c7b6f8266eeeb03b17acb5ca36b7539
primary_group,766,fri_c1_500_50,S8|F5|IR0|M7,5,2,2,False,not_selected,4.0,0.0,0.0,0.0,146,238,0.1,500,,bd7b08e6e44e92e3f8321eccecefefdae0b6ce61ee2eea1f254751572920caca
primary_group,805,fri_c4_500_50,S8|F5|IR0|M7,5,2,3,False,not_selected,4.0,0.0,0.0,0.0,144,236,0.1,500,,db3bd716443ed4ce1bebb811d497afc6b366276e107b4c790d01e108ad0c3ef7
primary_group,937,fri_c3_500_50,S8|F5|IR0|M7,5,2,4,False,not_selected,4.0,0.0,0.0,0.0,133,218,0.1,500,,695880215f3ee2c0ce205e820131869eb4937eb9d623a539dc6abce0257bd4c2
primary_group,920,fri_c2_500_50,S8|F5|IR0|M7,5,2,5,True,diversity_pick,4.0,0.0,0.0,0.0,125,205,0.1,500,0.52049,328e235aa90904222ccc626d0e499ae886fd4c022406031c84f3053b07b63bd2
primary_group,59,ionosphere,S8|F5|IR1|M6,2,1,1,True,tier_cascade_rank1,,0.0,0.0,0.03,74,126,0.0969,351,,b207a07923ced910c4fa1d444f59143002ca28df0420fb5ab170135eb2969ad2
primary_group,337,SPECTF,S8|F5|IR1|M6,2,1,2,False,not_selected,1.0,0.23,0.0,0.0,54,95,0.1261,349,,57cd65b053a76966dd7960c1bf1c532704ede1791a157c5e36131f9df938a38d
primary_group,1600,SPECTF,S8|F5|IR2|M5,1,1,1,True,tier_cascade_rank1,,0.0,0.0,0.0,29,55,0.1648,267,,4a4a4cc660f1622808c514e5a0a35c30cfe514b0d665d5c9cd0d388bdff95f16
primary_group,1447,CastMetal1,S8|F5|IR3|M5,3,1,1,True,tier_cascade_rank1,,0.0,0.0,0.0,20,42,0.1131,327,,55cee068c0a1e5d5199860be4abd4016944f75a157c4f62dd982abc336058f69
primary_group,1446,CostaMadre1,S8|F5|IR3|M5,3,1,2,False,not_selected,4.0,0.0,0.0,0.0,18,38,0.125,296,,4f2bf57ffd1214c84fd2217f54dc0597ca7da4fb9f783b340dd5d132f2952aa7
primary_group,1065,kc3,S8|F5|IR3|M5,3,1,3,False,not_selected,1.0,0.29,0.0,0.0,21,43,0.0852,458,,1ee87bbb93ccf76c3cffeb615c6ed02fa4f8d82d61c116187c7e48be7cd4f950
primary_group,1071,mw1,S8|F5|IR4|M4,1,1,1,True,tier_cascade_rank1,,0.05,0.0,0.0,13,31,0.0918,403,,d4b6abfc5f7cf657803548e622ee7b20ed42d697e42010840f66488706beb53a
primary_group,742,fri_c4_500_100,S8|F6|IR0|M7,1,1,1,True,tier_cascade_rank1,,0.0,0.0,0.0,132,217,0.2,500,,fed0fc600ccc13d8b9f40bac54f09aee5c59425db757f9dbe2ed32ee6d19debe
primary_group,827,disclosure_x_noise,S9|F1|IR0|M8,4,2,1,True,tier_cascade_rank1,,0.0,0.0,0.0,204,329,0.0045,662,,04ae6fdff4da28f1fd15c914efaf2fe048b36b12ee7ca5621a2a76d4b0da7401
primary_group,795,disclosure_x_tampered,S9|F1|IR0|M8,4,2,2,False,not_selected,4.0,0.0,0.0,0.0,202,327,0.0045,662,,1cf3cb70f0320298c0f407a0c5bb8590cdd66373fa982a64bd47746a808d78f9
primary_group,774,disclosure_x_bias,S9|F1|IR0|M8,4,2,3,False,not_selected,4.0,0.0,0.0,0.0,196,317,0.0045,662,,1a23f14e14226a5c77d567be0407ac3b5b17ef371b5d4cb819ac5a953d37d989
primary_group,931,disclosure_z,S9|F1|IR0|M8,4,2,4,True,diversity_pick,4.0,0.0,0.0,0.0,194,314,0.0045,662,0.147187,3d94ba7161f8df7d3f2f42e6f7b191ae832ef9415502a2943fd74ee81c99d6b4
primary_group,799,fri_c0_1000_5,S9|F2|IR0|M8,6,2,1,True,tier_cascade_rank1,,0.0,0.0,0.0,311,497,0.005,1000,,8dd4eaad4b950a86bcfc52a8380216b98e174fb8ce88a6b6338ffa1adb9ce72d
primary_group,743,fri_c1_1000_5,S9|F2|IR0|M8,6,2,2,False,not_selected,4.0,0.0,0.0,0.0,286,457,0.005,1000,,00a22f3e8612bb2214181d8eb10e485952d7b87c784c880f129ddd6eac1a2740
primary_group,813,fri_c3_1000_5,S9|F2|IR0|M8,6,2,3,False,not_selected,4.0,0.0,0.0,0.0,273,437,0.005,1000,,3273426df9a0f37b0962904aa59cffb8ec48e4c6b759b292d9f0db2c8dcfa3c4
primary_group,912,fri_c2_1000_5,S9|F2|IR0|M8,6,2,4,False,not_selected,4.0,0.0,0.0,0.0,259,416,0.005,1000,,038939fe457428490f32292dff71a80412a5a65309c98f2cee164599084554ca
primary_group,770,strikes,S9|F2|IR0|M8,6,2,5,False,not_selected,4.0,0.0,0.0,0.0,192,310,0.0096,625,,6af1590666a3004504ba1ee3feabb1d6b88d5f1765ad79ea107002c79975f909
primary_group,997,balance-scale,S9|F2|IR0|M8,6,2,6,True,diversity_pick,4.0,0.0,0.0,0.0,178,288,0.0064,625,1.107656,4e319491fb7cd9c49dbb65ada8e8b47724e72a334f7a9a74984fe259740a6c46
primary_group,45604,dummy,S9|F2|IR1|M8,1,1,1,True,tier_cascade_rank1,,0.0,0.0,0.0,168,273,0.006,1000,,6f4e00cfe1924bd6612ad2963e67c7afc18cf23c8feb79c8f2b19f663eb86e5f
primary_group,1464,blood-transfusion-service-center,S9|F2|IR2|M7,2,1,1,True,tier_cascade_rank1,,0.29,0.0,0.0,107,178,0.0053,748,,122b54f28a6e71a03d5373a82ae2d18f2500009fdf84422af967d7af8a261a2c
primary_group,46913,blood-transfusion-service-center,S9|F2|IR2|M7,2,1,2,False,not_selected,9.0,0.29,0.0,0.0,107,178,0.0053,748,,c11a31030f28855989a8991bdc61362ede4cef9f9f107665e748cbe5a8fab188
primary_group,845,fri_c0_1000_10,S9|F3|IR0|M8,6,2,1,True,tier_cascade_rank1,,0.0,0.0,0.0,307,491,0.01,1000,,e9a8a8abf49eca7e8f900df62bf8eaaa3f523f40b0a5b81464757ab89355cc04
primary_group,841,stock,S9|F3|IR0|M8,6,2,2,False,not_selected,4.0,0.0,0.0,0.0,289,462,0.0095,950,,248759aba029f522f84e9ef7c72e89b3c9306e3bac92b31ce3ff7123cf3176fc
primary_group,740,fri_c3_1000_10,S9|F3|IR0|M8,6,2,3,False,not_selected,4.0,0.0,0.0,0.0,275,440,0.01,1000,,353aba6a06dd857921bbd89c5c1e6efe05a68a473a17c6f26bd6971217450b3d
primary_group,751,fri_c4_1000_10,S9|F3|IR0|M8,6,2,4,False,not_selected,4.0,0.0,0.0,0.0,275,440,0.01,1000,,33a3b25c87d8c7a452901f608facfbe3f4b692598485be83803a1045d66fea09
primary_group,910,fri_c1_1000_10,S9|F3|IR0|M8,6,2,5,False,not_selected,4.0,0.0,0.0,0.0,272,436,0.01,1000,,e9e4fbe58dd003425744cde074d7ad07cd6d73db2ba5848cc6ad3e7e795249e7
primary_group,913,fri_c2_1000_10,S9|F3|IR0|M8,6,2,6,True,diversity_pick,4.0,0.0,0.0,0.0,262,420,0.01,1000,0.471105,788e1bd6237f6beeefafc5f8bacdd7ecb74a774434db66be8092541d7e0f22f0
primary_group,41945,ilpd-numeric,S9|F3|IR1|M7,1,1,1,True,tier_cascade_rank1,,0.02,0.0,0.0,100,167,0.0172,583,,6b0bde202c73efba62421a9667a12bf76a6666ce47fa26126392b223556e0d4b
primary_group,37,diabetes,S9|F3|IR1|M8,2,1,1,True,tier_cascade_rank1,,0.0,0.0,0.0,165,268,0.0104,768,,bad39c41c5d840a3783fafdefefb0fa6148e2e155628e1cc6c65315190897b8d
primary_group,46921,diabetes,S9|F3|IR1|M8,2,1,2,False,not_selected,9.0,0.0,0.0,0.0,165,268,0.0104,768,,715206aabef452481fad2979d6d38e2b84c1774e61d67ba21ecdfc34db3d002f
primary_group,849,fri_c0_1000_25,S9|F4|IR0|M8,5,2,1,True,tier_cascade_rank1,,0.0,0.0,0.0,311,497,0.025,1000,,af280245d18fd3e9ac8dbc75144701af443f62c23b61c77b8194380fc1586cea
primary_group,917,fri_c1_1000_25,S9|F4|IR0|M8,5,2,2,False,not_selected,4.0,0.0,0.0,0.0,284,454,0.025,1000,,211a295e4065d89a350ebfeb200cc2a5cb0e671c212c66d6185edf508b25df2c
primary_group,723,fri_c4_1000_25,S9|F4|IR0|M8,5,2,3,False,not_selected,4.0,0.0,0.0,0.0,283,453,0.025,1000,,c755e12e5516d7c205e8fd03554e7c3219c3483a89081c9f35dfb74cf4c9ca54
primary_group,715,fri_c3_1000_25,S9|F4|IR0|M8,5,2,4,False,not_selected,4.0,0.0,0.0,0.0,277,443,0.025,1000,,75b17d4432c24bf8e4acbc2c763e37aa29620db194cedc282dde86ae15f563e1
primary_group,903,fri_c2_1000_25,S9|F4|IR0|M8,5,2,5,True,diversity_pick,4.0,0.0,0.0,0.0,273,437,0.025,1000,0.394573,36cf0d17bdc938ee48ce6416ffea7aaa2603a3cb75362482d5c0da8dabb531a6
primary_group,994,vehicle,S9|F4|IR1|M7,2,1,1,True,tier_cascade_rank1,,0.0,0.0,0.0,133,218,0.0213,846,,06ddedee69770a510f0284d237bcc34851098f066a15fff4d84c7f29f60fa8b7
primary_group,1510,wdbc,S9|F4|IR1|M7,2,1,2,False,not_selected,4.0,0.0,0.0,0.0,129,212,0.0527,569,,3b04f569d1a4b220c4ce3b4bc2c9b7d84bf2509c8563b7c0d71e53d14a44ab79
primary_group,46416,Creditability-German-Credit-Data,S9|F4|IR1|M8,3,1,1,True,tier_cascade_rank1,,0.0,0.0,0.0,186,300,0.02,1000,,990b05a243c26e0f97a91bf02a1b7d181be21bbb1d7aa62d56c976abba4be1e9
primary_group,46532,dataset_credit-g,S9|F4|IR1|M8,3,1,2,False,not_selected,9.0,0.0,0.0,0.0,186,300,0.02,1000,,2c33dbaf4a7f5fbaf65ee9b6f442c990fbe48dd40c38d5a6c75270ab3fda3890
primary_group,1547,autoUniv-au1-1000,S9|F4|IR1|M8,3,1,3,False,not_selected,4.0,0.0,0.0,0.0,159,259,0.02,1000,,5466f0f193147dc8df5c563a033b82c6dd5479ccbd3b63e3479a701d47b15eeb
primary_group,1063,kc2,S9|F4|IR2|M6,1,1,1,True,tier_cascade_rank1,,0.28,0.0,0.0,62,107,0.0402,522,,8718426faf4946674d186a746b48e7ad7be48760c6715f56387ab9189b5c19e9
primary_group,40994,climate-model-simulation-crashes,S9|F4|IR3|M5,2,1,1,True,tier_cascade_rank1,,0.0,0.0,0.0,22,46,0.0333,540,,7cf290c9feb8e8f84d74e0b5cb2973b5dcd5019d696b0cfd4191ea1bc98a7b38
primary_group,1467,climate-model-simulation-crashes,S9|F4|IR3|M5,2,1,2,False,not_selected,6.0,0.0,0.0,0.0,22,46,0.037,540,,de8105b49d15d532545bf2e52a3472e988012335d767a6d12b7c70b26a9736f8
primary_group,904,fri_c0_1000_50,S9|F5|IR0|M8,5,2,1,True,tier_cascade_rank1,,0.0,0.0,0.0,307,490,0.05,1000,,13e40fd0f6bd57b18f09cada4b906e49f3b691d7f7d40d1c34c897b2f730b602
primary_group,837,fri_c1_1000_50,S9|F5|IR0|M8,5,2,2,False,not_selected,4.0,0.0,0.0,0.0,283,453,0.05,1000,,fa89849dc512cad07f6aa1f117651a65cb96ba33309c5fa556717ab38551b8d1
primary_group,806,fri_c3_1000_50,S9|F5|IR0|M8,5,2,3,False,not_selected,4.0,0.0,0.0,0.0,278,445,0.05,1000,,b4e9731050671b0c68b256e3712ce1c9f53f655f14472878f63ecf541fb3318d
primary_group,797,fri_c4_1000_50,S9|F5|IR0|M8,5,2,4,False,not_selected,4.0,0.0,0.0,0.0,275,440,0.05,1000,,416f84b11b62249e044ec7060c8a3555d9fd27d897cf87951ec1ae2ace7fa01d
primary_group,866,fri_c2_1000_50,S9|F5|IR0|M8,5,2,5,True,diversity_pick,4.0,0.0,0.0,0.0,261,418,0.05,1000,0.478332,ceb5fe43e16e9793ed7b2e486773a6bc98c7574a74bdf39de9877400ad8c782a
primary_group,46562,German-Credit-Data-Creditability-Preprocessed-Dataset,S9|F5|IR1|M8,2,1,1,True,tier_cascade_rank1,,0.0,0.0,0.0,186,300,0.033,1000,,29e0dff21441dbdb0572ff777fe2b50c1b8b0e172d038975c8f21dc539ea651f
primary_group,46502,Credit_Approval_Classification,S9|F5|IR1|M8,2,1,2,False,not_selected,6.0,0.0,0.0,0.0,186,300,0.05,1000,,29a6081c8227dc915ed50da2a81170de45d41913c1e4d99d3472b86e4f2c0651
primary_group,1004,synthetic_control,S9|F5|IR2|M6,1,1,1,True,tier_cascade_rank1,,0.0,0.0,0.0,58,100,0.1,600,,6cf2ba4376ab5455456a5acbc3d6d8260e5b72e384f3362e1bb8fcba6e75402f
primary_group,1451,PieChart1,S9|F5|IR3|M5,2,1,1,True,tier_cascade_rank1,,0.0,0.0,0.0,32,61,0.0525,705,,3591af2b18e182602664f20112794fe3b92acf32aaedd4c2f5ecac64ec512c79
primary_group,1443,PizzaCutter1,S9|F5|IR3|M5,2,1,2,False,not_selected,4.0,0.0,0.0,0.0,26,52,0.056,661,,e2b0cbd3af407ed6d5f811a8e9d568855d4618ed28a69f687688a4833928c9cf
primary_group,311,oil_spill,S9|F5|IR4|M5,1,1,1,True,tier_cascade_rank1,,0.0,0.0,0.02,19,41,0.0523,937,,267714eb65c0e3c828f77862cd4f6b3a93223e9846d23f30411723682c902d6d
primary_group,718,fri_c4_1000_100,S9|F6|IR0|M8,1,1,1,True,tier_cascade_rank1,,0.0,0.0,0.0,272,436,0.1,1000,,9293439fd30f18b6cc9a4cb2c707cf83f26ea1d37d8a878e6d7ef06b383aff9b
primary_group,970,analcatdata_authorship,S9|F6|IR1|M8,1,1,1,True,tier_cascade_rank1,,0.0,0.0,0.0,196,317,0.0832,841,,e2f414ef95050c4996d1e138341c5894bd93f018b8422e0936bd9542eabb7d96
